,sentence_id,word_id,word,TRT,relFix
0,1,1,Um,296,0.02656137832017229
1,1,2,das,188,0.016870064608758076
2,1,3,Vorhandensein,571,0.05123833452979182
3,1,4,der,238,0.02135678391959799
4,1,5,Polymerasekettenreaktion-Produkte,2310,0.20728643216080403
5,1,6,feststellen,748,0.0671213208901651
6,1,7,zu,0,0.0
7,1,8,können,381,0.034188801148600144
8,1,9,verwendet,550,0.04935391241923905
9,1,10,man,0,0.0
10,1,11,die,307,0.027548456568557072
11,1,12,Gelelektrophorese,847,0.07600502512562814
12,1,13,mit,466,0.041816223977028
13,1,14,einer,0,0.0
14,1,15,anschließenden,700,0.06281407035175879
15,1,16,Behandlung,919,0.08246590093323762
16,1,17,des,159,0.014267767408470926
17,1,18,Gels,230,0.020638908829863602
18,1,19,durch,173,0.015524048815506102
19,1,20,Ethidiumbromid,2061,0.18494256999282124
20,2,1,Bei,234,0.03352915890528729
21,2,2,dieser,417,0.059750680613268374
22,2,3,Methode,632,0.09055738644504943
23,2,4,wird,339,0.04857429431150594
24,2,5,die,567,0.08124373119358075
25,2,6,negative,521,0.07465252901561828
26,2,7,Ladung,1015,0.14543630892678033
27,2,8,der,0,0.0
28,2,9,DNA-Fragmente,1801,0.25805989396761714
29,2,10,genutzt,1453,0.20819601662129245
30,3,1,Die,405,0.06329113924050633
31,3,2,DNA-Fragmente,720,0.11251758087201125
32,3,3,sind,391,0.06110329739021722
33,3,4,auf,106,0.0165650882950461
34,3,5,Grund,372,0.058134083450539144
35,3,6,der,137,0.021409595249257698
36,3,7,darin,602,0.09407719956243163
37,3,8,enthaltenen,679,0.10611032973902172
38,3,9,Phosphatreste,1598,0.24972651976871385
39,3,10,negativ,449,0.07016721362712924
40,3,11,geladen,940,0.1468979528051258
41,4,1,Anlegen,1328,0.1284208490474809
42,4,2,eines,733,0.07088289333720144
43,4,3,elektrischen,782,0.07562131321922444
44,4,4,Feldes,238,0.023015182284111788
45,4,5,lässt,1010,0.09766947103761725
46,4,6,die,353,0.03413596363988009
47,4,7,Polymerasekettenreaktion-Produkte,1792,0.1732907842568417
48,4,8,durch,529,0.05115559423653419
49,4,9,ein,0,0.0
50,4,10,gelartiges,671,0.06488734164974373
51,4,11,Medium,841,0.08132675756696645
52,4,12,zumeist,787,0.07610482545208394
53,4,13,Agarose,621,0.06005221932114883
54,4,14,wandern,656,0.06343680495116527
55,5,1,Die,0,0.0
56,5,2,DNA-Fragmente,1087,0.13347249508840864
57,5,3,wandern,511,0.06274557956777996
58,5,4,durch,0,0.0
59,5,5,das,429,0.052676817288801574
60,5,6,Agarose-Sieb,1010,0.12401768172888016
61,5,7,vom,1070,0.13138506876227898
62,5,8,Minuspol,1319,0.1619597249508841
63,5,9,zum,2047,0.2513506876227898
64,5,10,Pluspol,671,0.08239194499017682
65,6,1,Kleinere,557,0.07846175517678547
66,6,2,Fragmente,503,0.07085505000704324
67,6,3,wandern,396,0.05578250457810959
68,6,4,schneller,448,0.06310747992675024
69,6,5,durch,132,0.0185941681927032
70,6,6,das,383,0.05395126074094943
71,6,7,Agarose-Sieb,614,0.08649105507818003
72,6,8,daher,344,0.048457529229468936
73,6,9,befinden,721,0.10156360050711367
74,6,10,sie,0,0.0
75,6,11,sich,789,0.11114241442456683
76,6,12,in,64,0.009015354275250036
77,6,13,der,263,0.03704747147485561
78,6,14,Nähe,318,0.044795041555148615
79,6,15,zum,0,0.0
80,6,16,Pluspol,656,0.09240738132131286
81,6,17,des,491,0.06916467108043386
82,6,18,Gels,420,0.059163262431328356
83,7,1,Die,0,0.0
84,7,2,größeren,1108,0.20375137918352335
85,7,3,Fragmente,416,0.07649871276204487
86,7,4,wandern,550,0.10114012504597278
87,7,5,langsamer,448,0.08238322912835601
88,7,6,und,0,0.0
89,7,7,bleiben,548,0.10077234277307834
90,7,8,in,0,0.0
91,7,9,der,169,0.03107760205958073
92,7,10,Nähe,286,0.052592865023905845
93,7,11,zum,507,0.09323280617874219
94,7,12,Minuspol,1406,0.2585509378447959
95,8,1,Um,0,0.0
96,8,2,DNA-Fragmente,1449,0.21299426723504336
97,8,3,sichtbar,465,0.06835219755990005
98,8,4,zu,0,0.0
99,8,5,machen,349,0.051300896663236804
100,8,6,behandelt,456,0.06702925180067618
101,8,7,man,0,0.0
102,8,8,das,383,0.0562986917536381
103,8,9,Gel,0,0.0
104,8,10,mit,433,0.06364839041599295
105,8,11,einer,0,0.0
106,8,12,wässrigen,711,0.10451271497868588
107,8,13,Lösung,414,0.0608555049242981
108,8,14,von,0,0.0
109,8,15,Ethidiumbromid,2143,0.3150080846685286
110,9,1,Das,360,0.03760969494358546
111,9,2,Molekül,932,0.09736732135394902
112,9,3,des,249,0.02601337233597994
113,9,4,Ethidiumbromids,1112,0.11617216882574175
114,9,5,ist,647,0.06759297952361053
115,9,6,planar,315,0.032908483075637276
116,9,7,und,502,0.05244463017133306
117,9,8,kann,157,0.01640200585039699
118,9,9,sich,746,0.07793564563309653
119,9,10,zwischen,672,0.07020476389469285
120,9,11,den,150,0.01567070622649394
121,9,12,Basen,969,0.10123276222315086
122,9,13,der,338,0.03531132469703301
123,9,14,DNA-Fragmente,1438,0.15022983702465526
124,9,15,einlagern,985,0.10290430422064355
125,10,1,Nur,0,0.0
126,10,2,nach,509,0.05324824772465739
127,10,3,dem,406,0.0424730620357778
128,10,4,Entstehen,710,0.07427555183596611
129,10,5,eines,867,0.09069986400251072
130,10,6,solchen,172,0.017993513965896015
131,10,7,Komplexes,475,0.04969139031279422
132,10,8,und,0,0.0
133,10,9,durch,537,0.056177424416779996
134,10,10,das,236,0.024688774976461974
135,10,11,Beleuchten,447,0.046762213620671615
136,10,12,mit,0,0.0
137,10,13,UV-Licht,642,0.06716183701223978
138,10,14,kann,0,0.0
139,10,15,man,221,0.023119573177110577
140,10,16,die,384,0.04017156606339575
141,10,17,Polymerasekettenreaktion-Produkte,1693,0.17711057642012762
142,10,18,in,134,0.014018202740872477
143,10,19,Form,423,0.044251490741709386
144,10,20,von,166,0.017365833246155454
145,10,21,Banden,505,0.05282979391149702
146,10,22,sehen,366,0.038288523904174074
147,10,23,und,163,0.017051992886285176
148,10,24,fotografieren,503,0.05262056700491683
149,11,1,In,397,inf
150,11,2,der,276,inf
151,11,3,homologen,370,inf
152,11,4,Rekombinationsreparatur,1296,inf
153,11,5,veranlasst,647,inf
154,11,6,RecA,1172,inf
155,11,7,in,376,inf
156,11,8,Verbindung,1079,inf
157,11,9,mit,0,
158,11,10,einer,330,inf
159,11,11,Reihe,699,inf
160,11,12,weiterer,1184,inf
161,11,13,Proteine,648,inf
162,11,14,die,225,inf
163,11,15,Auflösung,2229,inf
164,11,16,der,207,inf
165,11,17,angehaltenen,1324,inf
166,11,18,Replikationsgabel,2378,inf
167,12,1,Kommt,430,inf
168,12,2,der,0,
169,12,3,Replikationskomplex,1152,inf
170,12,4,an,0,
171,12,5,eine,250,inf
172,12,6,schadhafte,1107,inf
173,12,7,DNA-Stelle,969,inf
174,12,8,löst,375,inf
175,12,9,er,303,inf
176,12,10,sich,262,inf
177,12,11,und,0,
178,12,12,überspringt,519,inf
179,12,13,den,791,inf
180,12,14,Schaden,229,inf
181,12,15,um,0,
182,12,16,an,715,inf
183,12,17,anderer,1055,inf
184,12,18,Stelle,0,
185,12,19,fortzufahren,953,inf
186,13,1,Es,0,
187,13,2,entsteht,669,inf
188,13,3,eine,0,
189,13,4,Replikationslücke,1895,inf
190,13,5,im,185,inf
191,13,6,Tochterstrang,1342,inf
192,13,7,die,420,inf
193,13,8,über,172,inf
194,13,9,800,357,inf
195,13,10,Basen,440,inf
196,13,11,umfassen,790,inf
197,13,12,kann,410,inf
198,14,1,Bei,224,inf
199,14,2,der,472,inf
200,14,3,rekombinatorischen,3210,inf
201,14,4,Reparatur,1089,inf
202,14,5,bindet,1075,inf
203,14,6,das,0,
204,14,7,RecA-Protein,1062,inf
205,14,8,an,449,inf
206,14,9,die,300,inf
207,14,10,Einzelstrang-DNA-Enden,3090,inf
208,14,11,links,452,inf
209,14,12,und,0,
210,14,13,rechts,569,inf
211,14,14,der,0,
212,14,15,Replikationslücke,1188,inf
213,14,16,und,0,
214,14,17,sucht,777,inf
215,14,18,die,0,
216,14,19,Schwesterchromatide,1996,inf
217,14,20,oder,747,inf
218,14,21,das,289,inf
219,14,22,homologe,1020,inf
220,14,23,Chromosom,1001,inf
221,14,24,nach,572,inf
222,14,25,homologen,741,inf
223,14,26,Sequenzen,1334,inf
224,14,27,ab,218,inf
225,15,1,Ist,0,
226,15,2,eine,779,inf
227,15,3,solche,477,inf
228,15,4,Stelle,545,inf
229,15,5,gefunden,478,inf
230,15,6,dringt,542,inf
231,15,7,der,0,
232,15,8,Komplex,601,inf
233,15,9,in,239,inf
234,15,10,die,133,inf
235,15,11,Doppelhelix,729,inf
236,15,12,ein,461,inf
237,15,13,verdrängt,700,inf
238,15,14,den,456,inf
239,15,15,homologen,828,inf
240,15,16,und,650,inf
241,15,17,bindet,1022,inf
242,15,18,den,456,inf
243,15,19,komplementären,1772,inf
244,15,20,Strang,826,inf
245,16,1,Dieser,820,inf
246,16,2,dient,851,inf
247,16,3,dann,480,inf
248,16,4,als,378,inf
249,16,5,Matrize,612,inf
250,16,6,zum,449,inf
251,16,7,Auffüllen,555,inf
252,16,8,der,374,inf
253,16,9,Replikationslücke,1467,inf
254,17,1,Der,283,inf
255,17,2,verdrängte,2125,inf
256,17,3,Strang,1395,inf
257,17,4,paart,399,inf
258,17,5,sich,1122,inf
259,17,6,mit,1053,inf
260,17,7,dem,584,inf
261,17,8,Strang,1117,inf
262,17,9,der,191,inf
263,17,10,den,622,inf
264,17,11,DNA-Schaden,1177,inf
265,17,12,aufweist,1014,inf
266,18,1,Durch,478,inf
267,18,2,Endonuklease-Schnitte,1358,inf
268,18,3,und,293,inf
269,18,4,anschließende,1277,inf
270,18,5,Ligation,673,inf
271,18,6,bilden,531,inf
272,18,7,sich,0,
273,18,8,letztendlich,749,inf
274,18,9,wieder,247,inf
275,18,10,zwei,290,inf
276,18,11,komplette,403,inf
277,18,12,Doppelhelices,2587,inf
278,18,13,aus,1014,inf
279,19,1,Zu,0,
280,19,2,beachten,599,inf
281,19,3,ist,338,inf
282,19,4,dass,397,inf
283,19,5,der,210,inf
284,19,6,ursprüngliche,1643,inf
285,19,7,DNA-Schaden,1754,inf
286,19,8,bei,344,inf
287,19,9,dieser,181,inf
288,19,10,Reparatur,610,inf
289,19,11,nicht,214,inf
290,19,12,behoben,710,inf
291,19,13,wird,579,inf
292,19,14,sondern,494,inf
293,19,15,nur,292,inf
294,19,16,die,707,inf
295,19,17,Lücke,509,inf
296,19,18,im,298,inf
297,19,19,Tochterstrang,725,inf
298,20,1,In,122,inf
299,20,2,Hefen,632,inf
300,20,3,und,231,inf
301,20,4,höheren,555,inf
302,20,5,Eukaryoten,221,inf
303,20,6,ist,185,inf
304,20,7,dieses,244,inf
305,20,8,System,440,inf
306,20,9,in,0,
307,20,10,ähnlicher,597,inf
308,20,11,Form,0,
309,20,12,ebenfalls,356,inf
310,20,13,vorhanden,317,inf
311,21,1,Wurzeln,422,inf
312,21,2,entziehen,981,inf
313,21,3,dem,504,inf
314,21,4,Boden,733,inf
315,21,5,Wasser,225,inf
316,21,6,aber,119,inf
317,21,7,sie,365,inf
318,21,8,nehmen,171,inf
319,21,9,auch,263,inf
320,21,10,essenzielle,1455,inf
321,21,11,Mineralstoffe,2234,inf
322,21,12,auf,169,inf
323,22,1,Böden,606,inf
324,22,2,sind,731,inf
325,22,3,heterogen,1049,inf
326,22,4,und,0,
327,22,5,weisen,592,inf
328,22,6,Unterschiede,440,inf
329,22,7,auf,188,inf
330,22,8,kleinem,462,inf
331,22,9,Raum,502,inf
332,22,10,auf,264,inf
333,23,1,Wurzeln,480,inf
334,23,2,die,143,inf
335,23,3,durch,480,inf
336,23,4,den,0,
337,23,5,Boden,743,inf
338,23,6,wachsen,558,inf
339,23,7,können,589,inf
340,23,8,auf,88,inf
341,23,9,Regionen,783,inf
342,23,10,treffen,618,inf
343,23,11,die,0,
344,23,12,sich,496,inf
345,23,13,im,0,
346,23,14,Wasser-,632,inf
347,23,15,und,0,
348,23,16,Mineralstoffgehalt,1828,inf
349,23,17,unterscheiden,742,inf
350,24,1,In,0,
351,24,2,den,131,inf
352,24,3,besser,829,inf
353,24,4,versorgten,1668,inf
354,24,5,Regionen,889,inf
355,24,6,sind,496,inf
356,24,7,Wurzeln,747,inf
357,24,8,oft,327,inf
358,24,9,stark,982,inf
359,24,10,verzweigt,861,inf
360,25,1,Für,1342,inf
361,25,2,die,131,inf
362,25,3,Aufnahme,865,inf
363,25,4,mineralischer,934,inf
364,25,5,Nährstoffe,426,inf
365,25,6,ist,0,
366,25,7,die,493,inf
367,25,8,Wurzelarchitektur,996,inf
368,25,9,von,0,
369,25,10,ganz,347,inf
370,25,11,besonderer,815,inf
371,25,12,Bedeutung,403,inf
372,25,13,weil,543,inf
373,25,14,sich,1067,inf
374,25,15,unterschiedliche,2139,inf
375,25,16,Mineralstoffe,1771,inf
376,25,17,ganz,677,inf
377,25,18,verschieden,1882,inf
378,25,19,verhalten,2067,inf
379,25,20,und,163,inf
380,25,21,durch,1430,inf
381,25,22,verschiedenartige,2354,inf
382,25,23,Kräfte,1038,inf
383,25,24,im,0,
384,25,25,Boden,1032,inf
385,25,26,gehalten,1234,inf
386,25,27,werden,751,inf
387,26,1,Nitrationen,1381,inf
388,26,2,diffundieren,674,inf
389,26,3,schnell,493,inf
390,26,4,im,0,
391,26,5,Bodenwasser,1259,inf
392,27,1,Stark,747,inf
393,27,2,transpirierende,1664,inf
394,27,3,Pflanzen,422,inf
395,27,4,können,757,inf
396,27,5,Nitrat,536,inf
397,27,6,schneller,832,inf
398,27,7,zur,186,inf
399,27,8,Wurzeloberfläche,2423,inf
400,27,9,transportieren,1355,inf
401,27,10,als,0,
402,27,11,sie,521,inf
403,27,12,es,165,inf
404,27,13,im,399,inf
405,27,14,Pflanzenkörper,660,inf
406,27,15,anreichern,923,inf
407,27,16,können,370,inf
408,28,1,Andere,560,inf
409,28,2,essenzielle,886,inf
410,28,3,Mineralstoffe,587,inf
411,28,4,wie,353,inf
412,28,5,Phosphat,340,inf
413,28,6,sind,0,
414,28,7,jedoch,519,inf
415,28,8,fest,207,inf
416,28,9,im,277,inf
417,28,10,Boden,492,inf
418,28,11,gebunden,520,inf
419,28,12,sie,134,inf
420,28,13,haben,533,inf
421,28,14,niedrige,1147,inf
422,28,15,Diffusionskoeffizienten,3821,inf
423,29,1,Die,437,inf
424,29,2,Phosphatverarmungszonen,3958,inf
425,29,3,von,0,
426,29,4,zwei,693,inf
427,29,5,Wurzeln,862,inf
428,29,6,die,248,inf
429,29,7,sehr,1148,inf
430,29,8,nah,0,
431,29,9,beieinander,1915,inf
432,29,10,sind,909,inf
433,29,11,überlappen,959,inf
434,29,12,sich,671,inf
435,29,13,kaum,363,inf
436,29,14,und,375,inf
437,29,15,ein,1385,inf
438,29,16,reich,1494,inf
439,29,17,verzweigtes,2598,inf
440,29,18,Wurzelsystem,1408,inf
441,29,19,erhöht,1152,inf
442,29,20,die,398,inf
443,29,21,Phosphataufnahme,2486,inf
444,29,22,bei,180,inf
445,29,23,knapper,1354,inf
446,29,24,Phosphatversorgung,1942,inf
447,29,25,daher,969,inf
448,29,26,enorm,406,inf
449,30,1,Ein,342,inf
450,30,2,extensiv,1515,inf
451,30,3,ausgebildetes,1997,inf
452,30,4,Wurzelsystem,969,inf
453,30,5,mit,0,
454,30,6,größeren,1214,inf
455,30,7,Zwischenräumen,1320,inf
456,30,8,dagegen,405,inf
457,30,9,kann,365,inf
458,30,10,die,474,inf
459,30,11,Nitrataufnahme,1105,inf
460,30,12,maximieren,617,inf
461,37,1,Motormoleküle,1757,inf
462,37,2,sind,485,inf
463,37,3,Enzyme,913,inf
464,37,4,welche,473,inf
465,37,5,die,165,inf
466,37,6,Energie,482,inf
467,37,7,aus,38,inf
468,37,8,der,442,inf
469,37,9,Hydrolyse,1226,inf
470,37,10,von,182,inf
471,37,11,ATP,1009,inf
472,37,12,in,0,
473,37,13,mechanische,1435,inf
474,37,14,Energie,1215,inf
475,37,15,umwandeln,845,inf
476,38,1,Dabei,342,inf
477,38,2,induzieren,504,inf
478,38,3,sie,266,inf
479,38,4,eine,263,inf
480,38,5,Konformationsänderung,1306,inf
481,38,6,die,306,inf
482,38,7,einen,440,inf
483,38,8,Transport,516,inf
484,38,9,auf,200,inf
485,38,10,den,568,inf
486,38,11,Gleisen,948,inf
487,38,12,ermöglicht,1509,inf
488,39,1,Die,539,inf
489,39,2,Gleise,662,inf
490,39,3,können,781,inf
491,39,4,Mikrotubuli,1319,inf
492,39,5,oder,906,inf
493,39,6,Aktinfilamente,1366,inf
494,39,7,sein,817,inf
495,40,1,Aktinbindende,896,inf
496,40,2,Motorproteine,773,inf
497,40,3,sind,740,inf
498,40,4,die,118,inf
499,40,5,Myosine,601,inf
500,40,6,von,279,inf
501,40,7,denen,349,inf
502,40,8,in,252,inf
503,40,9,Eukaryoten,924,inf
504,40,10,siebzehn,607,inf
505,40,11,Familien,765,inf
506,40,12,vorkommen,743,inf
507,41,1,Eine,400,inf
508,41,2,schwere,477,inf
509,41,3,Kette,473,inf
510,41,4,ist,0,
511,41,5,an,0,
512,41,6,der,484,inf
513,41,7,Ausbildung,694,inf
514,41,8,einer,414,inf
515,41,9,Schwanz-,526,inf
516,41,10,und,0,
517,41,11,einer,569,inf
518,41,12,Kopfregion,1108,inf
519,41,13,beteiligt,413,inf
520,41,14,welche,894,inf
521,41,15,die,431,inf
522,41,16,Motordomäne,2267,inf
523,41,17,bildet,715,inf
524,42,1,Der,331,inf
525,42,2,Kopf,907,inf
526,42,3,besitzt,1148,inf
527,42,4,eine,0,
528,42,5,Aktin-,1141,inf
529,42,6,und,0,
530,42,7,eine,354,inf
531,42,8,ATP-Bindungsstelle,3402,inf
532,43,1,Im,265,inf
533,43,2,Übergangsbereich,2398,inf
534,43,3,von,155,inf
535,43,4,Kopf,948,inf
536,43,5,zu,130,inf
537,43,6,Schwanz,773,inf
538,43,7,können,677,inf
539,43,8,unterschiedliche,771,inf
540,43,9,leichte,724,inf
541,43,10,Ketten,754,inf
542,43,11,binden,1028,inf
543,43,12,und,0,
544,43,13,auf,497,inf
545,43,14,diese,284,inf
546,43,15,Weise,593,inf
547,43,16,an,0,
548,43,17,der,211,inf
549,43,18,Regulation,729,inf
550,43,19,von,0,
551,43,20,Myosin,1051,inf
552,43,21,mitwirken,813,inf
553,44,1,In,0,
554,44,2,den,678,inf
555,44,3,nicht,272,inf
556,44,4,muskulären,719,inf
557,44,5,Zellen,712,inf
558,44,6,beispielsweise,544,inf
559,44,7,registriert,653,inf
560,44,8,eine,202,inf
561,44,9,Calmodulinkette,1786,inf
562,44,10,die,236,inf
563,44,11,Anwesenheit,994,inf
564,44,12,von,228,inf
565,44,13,Calciumionen,1562,inf
566,44,14,und,0,
567,44,15,ermöglicht,575,inf
568,44,16,die,245,inf
569,44,17,Bindung,353,inf
570,44,18,von,316,inf
571,44,19,Myosin,1094,inf
572,44,20,an,433,inf
573,44,21,Aktin,1201,inf
574,45,1,Je,0,
575,45,2,nach,724,inf
576,45,3,Klasse,225,inf
577,45,4,kann,547,inf
578,45,5,der,442,inf
579,45,6,Schwanz,398,inf
580,45,7,an,688,inf
581,45,8,Vesikel,430,inf
582,45,9,anlagern,712,inf
583,45,10,um,212,inf
584,45,11,sie,265,inf
585,45,12,entlang,409,inf
586,45,13,des,0,
587,45,14,Aktinfilaments,1001,inf
588,45,15,zu,0,
589,45,16,ziehen,535,inf
590,46,1,Alle,396,inf
591,46,2,Myosine,1132,inf
592,46,3,bis,654,inf
593,46,4,auf,159,inf
594,46,5,Myosin,477,inf
595,46,6,VI,2236,inf
596,46,7,bewegen,1221,inf
597,46,8,sich,526,inf
598,46,9,zum,701,inf
599,46,10,+Ende,721,inf
600,46,11,des,110,inf
601,46,12,Aktinfilaments,1075,inf
602,47,1,Myosin,503,inf
603,47,2,II,156,inf
604,47,3,ist,375,inf
605,47,4,ein,652,inf
606,47,5,Dimer,0,
607,47,6,es,0,
608,47,7,hat,592,inf
609,47,8,zwei,148,inf
610,47,9,Köpfe,386,inf
611,47,10,und,0,
612,47,11,kann,0,
613,47,12,mit,518,inf
614,47,13,seinem,220,inf
615,47,14,Schwanz,592,inf
616,47,15,an,0,
617,47,16,ein,194,inf
618,47,17,bipolares,1377,inf
619,47,18,Filament,1660,inf
620,47,19,binden,354,inf
621,48,1,Es,0,
622,48,2,ist,705,inf
623,48,3,im,154,inf
624,48,4,kontraktilen,773,inf
625,48,5,Apparat,546,inf
626,48,6,der,0,
627,48,7,Muskelzellen,724,inf
628,48,8,zu,238,inf
629,48,9,finden,408,inf
630,48,10,aber,415,inf
631,48,11,auch,0,
632,48,12,in,369,inf
633,48,13,anderen,238,inf
634,48,14,Zellen,414,inf
635,48,15,wo,278,inf
636,48,16,es,199,inf
637,48,17,am,136,inf
638,48,18,Kontraktionsmechanismus,1186,inf
639,48,19,beteiligt,760,inf
640,48,20,ist,98,inf
641,41,1,Eine,531,inf
642,41,2,chlorophyllhaltige,1701,inf
643,41,3,Parenchymzelle,2086,inf
644,41,4,in,0,
645,41,5,einem,1349,inf
646,41,6,Angiospermenblatt,2535,inf
647,41,7,exportiert,768,inf
648,41,8,organisches,735,inf
649,41,9,Material,659,inf
650,41,10,in,0,
651,41,11,Form,518,inf
652,41,12,von,150,inf
653,41,13,Saccharose,556,inf
654,41,14,aus,561,inf
655,41,15,der,125,inf
656,41,16,Zelle,385,inf
657,41,17,und,0,
658,41,18,versorgt,682,inf
659,41,19,damit,0,
660,41,20,selbst,348,inf
661,41,21,in,536,inf
662,41,22,der,216,inf
663,41,23,Nacht,416,inf
664,41,24,alle,271,inf
665,41,25,chlorophyllfreien,1932,inf
666,41,26,Zellen,1171,inf
667,41,27,der,0,
668,41,28,Pflanze,1281,inf
669,42,1,Das,358,inf
670,42,2,Prinzip,461,inf
671,42,3,ist,115,inf
672,42,4,einfach,418,inf
673,43,1,Am,426,inf
674,43,2,Tag,0,
675,43,3,speichert,423,inf
676,43,4,der,0,
677,43,5,Chloroplast,803,inf
678,43,6,die,0,
679,43,7,gebildete,827,inf
680,43,8,und,0,
681,43,9,überschüssige,909,inf
682,43,10,Glucose,892,inf
683,43,11,aus,0,
684,43,12,der,744,inf
685,43,13,Photosynthese,1110,inf
686,43,14,als,824,inf
687,43,15,Stärke,642,inf
688,44,1,in,0,
689,44,2,der,421,inf
690,44,3,Nacht,156,inf
691,44,4,kommt,392,inf
692,44,5,es,0,
693,44,6,zu,0,
694,44,7,einer,510,inf
695,44,8,Stoffentnahme,1111,inf
696,44,9,aus,0,
697,44,10,diesem,1710,inf
698,44,11,Speicher,603,inf
699,45,1,Die,152,inf
700,45,2,Zelle,487,inf
701,45,3,kann,0,
702,45,4,auf,370,inf
703,45,5,diese,439,inf
704,45,6,Weise,337,inf
705,45,7,Tag,302,inf
706,45,8,und,170,inf
707,45,9,Nacht,0,
708,45,10,einen,506,inf
709,45,11,Export,406,inf
710,45,12,gewährleisten,1197,inf
711,46,1,Saccharose,912,inf
712,46,2,ist,0,
713,46,3,ein,747,inf
714,46,4,Dimer,184,inf
715,46,5,und,443,inf
716,46,6,wirkt,189,inf
717,46,7,nicht,637,inf
718,46,8,reduzierend,1633,inf
719,46,9,sie,438,inf
720,46,10,wird,0,
721,46,11,in,648,inf
722,46,12,der,0,
723,46,13,Pflanze,494,inf
724,46,14,vor,0,
725,46,15,allem,423,inf
726,46,16,als,171,inf
727,46,17,leicht,314,inf
728,46,18,verfügbarer,863,inf
729,46,19,Speicherstoff,758,inf
730,46,20,verwendet,626,inf
731,47,1,Stärke,211,inf
732,47,2,ist,181,inf
733,47,3,ein,430,inf
734,47,4,großes,455,inf
735,47,5,Polymer,695,inf
736,47,6,aus,492,inf
737,47,7,Glucose,581,inf
738,47,8,wirkt,459,inf
739,47,9,ebenfalls,543,inf
740,47,10,nicht,398,inf
741,47,11,reduzierend,564,inf
742,47,12,und,0,
743,47,13,ist,231,inf
744,47,14,hauptsächlich,559,inf
745,47,15,in,0,
746,47,16,Speicherorganen,1308,inf
747,47,17,zu,0,
748,47,18,finden,670,inf
749,48,1,Das,0,
750,48,2,am,740,inf
751,48,3,häufigsten,575,inf
752,48,4,in,0,
753,48,5,der,442,inf
754,48,6,Biosphäre,636,inf
755,48,7,vorkommende,621,inf
756,48,8,Kohlenhydrat,610,inf
757,48,9,ist,324,inf
758,48,10,unbestritten,1357,inf
759,48,11,die,0,
760,48,12,Cellulose,1448,inf
761,49,1,Sie,0,
762,49,2,ist,457,inf
763,49,3,ein,154,inf
764,49,4,lineares,628,inf
765,49,5,Polymer,623,inf
766,49,6,aus,127,inf
767,49,7,β-D-Glucose,2008,inf
768,49,8,und,156,inf
769,49,9,liegt,249,inf
770,49,10,hauptsächlich,986,inf
771,49,11,extrazellulär,2187,inf
772,49,12,vor,415,inf
773,50,1,Dieses,868,inf
774,50,2,Molekül,1488,inf
775,50,3,wird,577,inf
776,50,4,durch,1400,inf
777,50,5,membranständige,2968,inf
778,50,6,Cellulose-Synthasekomplexe,4448,inf
779,50,7,synthetisiert,1775,inf
780,50,8,die,0,
781,50,9,in,974,inf
782,50,10,der,0,
783,50,11,Membran,624,inf
784,50,12,zirkulieren,1158,inf
785,50,13,und,0,
786,50,14,in,0,
787,50,15,gewisser,1338,inf
788,50,16,Weise,1006,inf
789,50,17,die,976,inf
790,50,18,Cellulose-Mikrofibrillen,2302,inf
791,50,19,weben,742,inf
792,50,20,die,0,
793,50,21,die,827,inf
794,50,22,extrazelluläre,781,inf
795,50,23,Matrix,545,inf
796,50,24,der,482,inf
797,50,25,Pflanzenzellen,921,inf
798,50,26,ausmachen,533,inf
799,46,1,Ein,175,inf
800,46,2,Prion,415,inf
801,46,3,ist,689,inf
802,46,4,ein,383,inf
803,46,5,infektiöses,1431,inf
804,46,6,Protein,1092,inf
805,46,7,das,464,inf
806,46,8,von,0,
807,46,9,einem,391,inf
808,46,10,endogenen,1408,inf
809,46,11,zellulären,2046,inf
810,46,12,Protein,828,inf
811,46,13,abstammt,1107,inf
812,46,14,und,154,inf
813,46,15,dessen,705,inf
814,46,16,Primärstruktur,849,inf
815,46,17,besitzt,593,inf
816,46,18,sich,556,inf
817,46,19,aber,0,
818,46,20,in,409,inf
819,46,21,Sekundär-,442,inf
820,46,22,Tertiär-,455,inf
821,46,23,und,0,
822,46,24,Quartärstrukturen,845,inf
823,46,25,von,58,inf
824,46,26,diesem,445,inf
825,46,27,unterscheidet,911,inf
826,47,1,Seine,428,inf
827,47,2,strukturellen,760,inf
828,47,3,Eigenschaften,498,inf
829,47,4,verleihen,686,inf
830,47,5,dem,129,inf
831,47,6,Prion,414,inf
832,47,7,die,397,inf
833,47,8,Fähigkeit,589,inf
834,47,9,sich,672,inf
835,47,10,durch,153,inf
836,47,11,Autokatalyse,1935,inf
837,47,12,von,327,inf
838,47,13,einem,263,inf
839,47,14,Wildtypprotein,1751,inf
840,47,15,zum,533,inf
841,47,16,Prionenprotein,1742,inf
842,47,17,umzuwandeln,1009,inf
843,48,1,Dieses,459,inf
844,48,2,Ereignis,696,inf
845,48,3,kann,650,inf
846,48,4,spontan,596,inf
847,48,5,oder,403,inf
848,48,6,durch,535,inf
849,48,7,die,0,
850,48,8,Aufnahme,655,inf
851,48,9,eines,860,inf
852,48,10,anderen,443,inf
853,48,11,Prions,275,inf
854,48,12,erfolgen,839,inf
855,49,1,Die,0,
856,49,2,Ausbildung,1171,inf
857,49,3,amyloider,1812,inf
858,49,4,Fasern,1092,inf
859,49,5,und,210,inf
860,49,6,der,929,inf
861,49,7,infektiöse,1303,inf
862,49,8,Charakter,935,inf
863,49,9,sind,503,inf
864,49,10,eng,0,
865,49,11,miteinander,661,inf
866,49,12,verknüpft,953,inf
867,50,1,Der,518,inf
868,50,2,Begriff,1234,inf
869,50,3,Amyloid,1653,inf
870,50,4,ist,605,inf
871,50,5,allgemein,959,inf
872,50,6,gehalten,1546,inf
873,50,7,und,189,inf
874,50,8,umfasst,1428,inf
875,50,9,Proteinaggregate,4419,inf
876,50,10,die,0,
877,50,11,auf,837,inf
878,50,12,eine,0,
879,50,13,besondere,1169,inf
880,50,14,physikalisch-chemische,2689,inf
881,50,15,Weise,947,inf
882,50,16,angeordnet,621,inf
883,50,17,sind,776,inf
884,51,1,eine,1088,inf
885,51,2,Fadenform,835,inf
886,51,3,in,133,inf
887,51,4,der,772,inf
888,51,5,zum,176,inf
889,51,6,Großteil,757,inf
890,51,7,β-Faltblattstrukturen,2081,inf
891,51,8,zu,0,
892,51,9,finden,791,inf
893,51,10,sind,570,inf
894,51,11,und,0,
895,51,12,in,600,inf
896,51,13,der,375,inf
897,51,14,eine,423,inf
898,51,15,Doppelbrechung,2359,inf
899,51,16,von,439,inf
900,51,17,polarisiertem,1695,inf
901,51,18,Licht,722,inf
902,51,19,nach,168,inf
903,51,20,Färbung,1189,inf
904,51,21,mit,207,inf
905,51,22,Kongorot,1601,inf
906,51,23,auftritt,1084,inf
907,52,1,Das,297,inf
908,52,2,Prion,882,inf
909,52,3,bringt,803,inf
910,52,4,keine,566,inf
911,52,5,genetische,905,inf
912,52,6,Veränderung,601,inf
913,52,7,mit,843,inf
914,52,8,sich,170,inf
915,52,9,denn,1045,inf
916,52,10,das,213,inf
917,52,11,verantwortliche,808,inf
918,52,12,Gen,391,inf
919,52,13,führt,603,inf
920,52,14,weiterhin,1586,inf
921,52,15,zur,307,inf
922,52,16,Expression,896,inf
923,52,17,von,314,inf
924,52,18,Proteinen,726,inf
925,52,19,mit,234,inf
926,52,20,normaler,697,inf
927,52,21,Primärstruktur,946,inf
928,53,1,Die,378,inf
929,53,2,Prionenform,1695,inf
930,53,3,vermehrt,710,inf
931,53,4,sich,372,inf
932,53,5,somit,488,inf
933,53,6,über,532,inf
934,53,7,die,359,inf
935,53,8,Umwandlung,843,inf
936,53,9,vom,0,
937,53,10,Wildtypprotein,1762,inf
938,53,11,zum,669,inf
939,53,12,amyloiden,2322,inf
940,53,13,Typ,481,inf
941,54,1,Eine,1007,inf
942,54,2,Deletion,1776,inf
943,54,3,des,682,inf
944,54,4,codierenden,2516,inf
945,54,5,Gens,2119,inf
946,54,6,des,455,inf
947,54,7,zellulären,1767,inf
948,54,8,Proteins,1735,inf
949,54,9,würde,968,inf
950,54,10,somit,167,inf
951,54,11,eine,1201,inf
952,54,12,Prioneninfektion,3400,inf
953,54,13,verhindern,1872,inf
954,37,1,Ein,279,inf
955,37,2,Zyklotron,1606,inf
956,37,3,besteht,886,inf
957,37,4,aus,221,inf
958,37,5,einer,323,inf
959,37,6,flachen,893,inf
960,37,7,zylindrischen,1010,inf
961,37,8,Vakuumkammer,1395,inf
962,37,9,zwischen,815,inf
963,37,10,den,0,
964,37,11,Polen,691,inf
965,37,12,eines,343,inf
966,37,13,Elektromagneten,2318,inf
967,37,14,der,0,
968,37,15,ein,890,inf
969,37,16,Feld,1239,inf
970,37,17,in,446,inf
971,37,18,z-Richtung,821,inf
972,37,19,erzeugt,1815,inf
973,38,1,Die,221,inf
974,38,2,Kammer,853,inf
975,38,3,ist,656,inf
976,38,4,in,0,
977,38,5,zwei,355,inf
978,38,6,D-förmige,1116,inf
979,38,7,Hälften,635,inf
980,38,8,aufgeteilt,1332,inf
981,38,9,zwischen,572,inf
982,38,10,denen,234,inf
983,38,11,eine,525,inf
984,38,12,Hochfrequenzspannung,1777,inf
985,38,13,anliegt,758,inf
986,39,1,Die,928,inf
987,39,2,von,36,inf
988,39,3,der,0,
989,39,4,Ionenquelle,1365,inf
990,39,5,im,459,inf
991,39,6,Spalt,626,inf
992,39,7,zwischen,753,inf
993,39,8,den,160,inf
994,39,9,Kammern,626,inf
995,39,10,im,338,inf
996,39,11,Zentrum,884,inf
997,39,12,der,286,inf
998,39,13,Anordnung,639,inf
999,39,14,emittierten,1571,inf
1000,39,15,positiven,1231,inf
1001,39,16,Ionen,653,inf
1002,39,17,werden,731,inf
1003,39,18,auf,381,inf
1004,39,19,die,260,inf
1005,39,20,negative,774,inf
1006,39,21,Kammerhälfte,1510,inf
1007,39,22,zu,138,inf
1008,39,23,beschleunigt,1974,inf
1009,40,1,Da,251,inf
1010,40,2,im,818,inf
1011,40,3,Inneren,616,inf
1012,40,4,der,127,inf
1013,40,5,Kammerhälften,1329,inf
1014,40,6,mit,0,
1015,40,7,metallischen,1154,inf
1016,40,8,Wänden,605,inf
1017,40,9,kein,452,inf
1018,40,10,elektrisches,681,inf
1019,40,11,Feld,895,inf
1020,40,12,existiert,1161,inf
1021,40,13,beschreiben,1097,inf
1022,40,14,die,133,inf
1023,40,15,Ionen,629,inf
1024,40,16,hier,417,inf
1025,40,17,im,142,inf
1026,40,18,Magnetfeld,902,inf
1027,40,19,einen,452,inf
1028,40,20,Halbkreis,767,inf
1029,40,21,in,762,inf
1030,40,22,der,228,inf
1031,40,23,x-y-Ebene,1957,inf
1032,40,24,dessen,881,inf
1033,40,25,Radius,613,inf
1034,40,26,durch,461,inf
1035,40,27,die,496,inf
1036,40,28,als,232,inf
1037,40,29,Zentripetalkraft,3064,inf
1038,40,30,wirkende,1009,inf
1039,40,31,Lorentzkraft,1368,inf
1040,40,32,festgelegt,1033,inf
1041,40,33,und,171,inf
1042,40,34,dessen,862,inf
1043,40,35,Umlaufszeit,990,inf
1044,40,36,unabhängig,1235,inf
1045,40,37,vom,808,inf
1046,40,38,Radius,781,inf
1047,40,39,ist,476,inf
1048,41,1,Wird,138,inf
1049,41,2,die,421,inf
1050,41,3,Hochfrequenz,607,inf
1051,41,4,nun,254,inf
1052,41,5,genau,296,inf
1053,41,6,so,458,inf
1054,41,7,gewählt,364,inf
1055,41,8,dass,375,inf
1056,41,9,die,366,inf
1057,41,10,Ionen,370,inf
1058,41,11,nach,379,inf
1059,41,12,Durchlaufen,840,inf
1060,41,13,des,360,inf
1061,41,14,Halbkreises,576,inf
1062,41,15,immer,560,inf
1063,41,16,zu,181,inf
1064,41,17,einem,487,inf
1065,41,18,Zeitpunkt,580,inf
1066,41,19,wieder,536,inf
1067,41,20,am,0,
1068,41,21,Spalt,583,inf
1069,41,22,ankommen,461,inf
1070,41,23,bei,0,
1071,41,24,dem,499,inf
1072,41,25,die,363,inf
1073,41,26,richtige,492,inf
1074,41,27,Polarität,498,inf
1075,41,28,der,0,
1076,41,29,Beschleunigungsspannung,1391,inf
1077,41,30,anliegt,566,inf
1078,41,31,nimmt,430,inf
1079,41,32,ihre,219,inf
1080,41,33,kinetische,798,inf
1081,41,34,Energie,377,inf
1082,41,35,bei,192,inf
1083,41,36,Durchlaufen,837,inf
1084,41,37,des,276,inf
1085,41,38,Spaltes,752,inf
1086,41,39,zu,277,inf
1087,41,40,ihre,577,inf
1088,41,41,Geschwindigkeit,811,inf
1089,41,42,wächst,856,inf
1090,41,43,und,0,
1091,41,44,daher,782,inf
1092,41,45,auch,486,inf
1093,41,46,der,0,
1094,41,47,Radius,741,inf
1095,41,48,des,136,inf
1096,41,49,nächsten,696,inf
1097,41,50,Halbkreises,1187,inf
1098,42,1,Die,936,inf
1099,42,2,Ionen,475,inf
1100,42,3,durchlaufen,572,inf
1101,42,4,deshalb,405,inf
1102,42,5,eine,611,inf
1103,42,6,spiralartige,1843,inf
1104,42,7,Bahn,766,inf
1105,42,8,die,282,inf
1106,42,9,aus,217,inf
1107,42,10,lauter,541,inf
1108,42,11,Halbkreisen,853,inf
1109,42,12,mit,0,
1110,42,13,wachsenden,854,inf
1111,42,14,Radien,679,inf
1112,42,15,besteht,431,inf
1113,42,16,bis,913,inf
1114,42,17,sie,175,inf
1115,42,18,den,1026,inf
1116,42,19,Rand,685,inf
1117,42,20,des,839,inf
1118,42,21,Magnetfeldes,879,inf
1119,42,22,erreicht,961,inf
1120,42,23,haben,386,inf
1121,42,24,und,0,
1122,42,25,dort,406,inf
1123,42,26,durch,211,inf
1124,42,27,ein,171,inf
1125,42,28,elektrisches,511,inf
1126,42,29,Ablenkfeld,564,inf
1127,42,30,extrahiert,824,inf
1128,42,31,werden,614,inf
1129,42,32,können,405,inf
1130,57,1,Wenn,806,inf
1131,57,2,ein,283,inf
1132,57,3,ruhendes,1101,inf
1133,57,4,Atom,1141,inf
1134,57,5,ein,967,inf
1135,57,6,Photon,433,inf
1136,57,7,absorbiert,1187,inf
1137,57,8,so,0,
1138,57,9,nimmt,801,inf
1139,57,10,es,0,
1140,57,11,bei,876,inf
1141,57,12,der,197,inf
1142,57,13,Absorption,800,inf
1143,57,14,den,548,inf
1144,57,15,Photonenimpuls,2179,inf
1145,57,16,auf,803,inf
1146,57,17,und,706,inf
1147,57,18,erfährt,473,inf
1148,57,19,deshalb,1172,inf
1149,57,20,einen,1590,inf
1150,57,21,Rückstoßimpuls,1491,inf
1151,57,22,der,851,inf
1152,57,23,zu,401,inf
1153,57,24,einer,650,inf
1154,57,25,kinetischen,962,inf
1155,57,26,Rückstoßenergie,1870,inf
1156,57,27,führt,739,inf
1157,58,1,Die,134,inf
1158,58,2,Photonenenergie,1674,inf
1159,58,3,wird,557,inf
1160,58,4,dabei,1153,inf
1161,58,5,zum,372,inf
1162,58,6,einen,688,inf
1163,58,7,als,252,inf
1164,58,8,Rückstoßenergie,1588,inf
1165,58,9,und,538,inf
1166,58,10,zum,469,inf
1167,58,11,anderen,799,inf
1168,58,12,als,232,inf
1169,58,13,Anregungsenergie,2113,inf
1170,58,14,auf,870,inf
1171,58,15,das,0,
1172,58,16,Atom,791,inf
1173,58,17,übertragen,1545,inf
1174,59,1,Die,1079,inf
1175,59,2,Frequenz,1738,inf
1176,59,3,der,357,inf
1177,59,4,Anregung,1177,inf
1178,59,5,unterscheidet,969,inf
1179,59,6,sich,677,inf
1180,59,7,also,302,inf
1181,59,8,von,491,inf
1182,59,9,der,0,
1183,59,10,des,216,inf
1184,59,11,Photons,900,inf
1185,59,12,um,0,
1186,59,13,einen,770,inf
1187,59,14,gewissen,724,inf
1188,59,15,Betrag,466,inf
1189,60,1,Auch,377,inf
1190,60,2,bei,696,inf
1191,60,3,der,163,inf
1192,60,4,Emission,1562,inf
1193,60,5,eines,411,inf
1194,60,6,Photons,815,inf
1195,60,7,erfährt,696,inf
1196,60,8,das,139,inf
1197,60,9,Atom,702,inf
1198,60,10,einen,647,inf
1199,60,11,Rückstoß,560,inf
1200,61,1,Die,0,
1201,61,2,dabei,733,inf
1202,61,3,erzeugte,973,inf
1203,61,4,Rückstoßenergie,915,inf
1204,61,5,fehlt,710,inf
1205,61,6,dem,421,inf
1206,61,7,emittierten,1337,inf
1207,61,8,Photon,524,inf
1208,61,9,so,211,inf
1209,61,10,dass,440,inf
1210,61,11,dessen,619,inf
1211,61,12,Wellenlänge,670,inf
1212,61,13,ebenfalls,453,inf
1213,61,14,von,468,inf
1214,61,15,jener,0,
1215,61,16,der,226,inf
1216,61,17,Anregung,628,inf
1217,61,18,verschieden,652,inf
1218,61,19,ist,404,inf
1219,62,1,Atome,670,inf
1220,62,2,die,0,
1221,62,3,sich,849,inf
1222,62,4,nur,485,inf
1223,62,5,in,406,inf
1224,62,6,ihrem,1034,inf
1225,62,7,Impuls,0,
1226,62,8,unterscheiden,1282,inf
1227,62,9,können,878,inf
1228,62,10,also,998,inf
1229,62,11,Photonen,631,inf
1230,62,12,mit,794,inf
1231,62,13,unterschiedlicher,1068,inf
1232,62,14,Frequenz,712,inf
1233,62,15,absorbieren,1075,inf
1234,62,16,bzw.,885,inf
1235,62,17,emittieren,956,inf
1236,63,1,Befindet,619,inf
1237,63,2,sich,183,inf
1238,63,3,ein,333,inf
1239,63,4,Atom,423,inf
1240,63,5,in,120,inf
1241,63,6,einem,865,inf
1242,63,7,Kristallgitter,997,inf
1243,63,8,überträgt,515,inf
1244,63,9,sich,256,inf
1245,63,10,der,202,inf
1246,63,11,Rückstoß,443,inf
1247,63,12,auf,0,
1248,63,13,dieses,746,inf
1249,63,14,und,296,inf
1250,63,15,die,698,inf
1251,63,16,Energie,488,inf
1252,63,17,von,186,inf
1253,63,18,absorbiertem,1159,inf
1254,63,19,und,91,inf
1255,63,20,emittiertem,624,inf
1256,63,21,Photon,442,inf
1257,63,22,entsprechen,486,inf
1258,63,23,in,0,
1259,63,24,etwa,542,inf
1260,63,25,der,398,inf
1261,63,26,Anregungsenergie,1241,inf
1262,64,1,Dies,234,inf
1263,64,2,wird,260,inf
1264,64,3,in,442,inf
1265,64,4,der,0,
1266,64,5,Mößbauerspektroskopie,2962,inf
1267,64,6,benutzt,567,inf
1268,64,7,um,272,inf
1269,64,8,mit,200,inf
1270,64,9,Hilfe,745,inf
1271,64,10,der,235,inf
1272,64,11,Dopplerverschiebung,1519,inf
1273,64,12,der,767,inf
1274,64,13,Emissionslinien,1023,inf
1275,64,14,etwa,512,inf
1276,64,15,Hyperfeinstrukturenaufspaltungen,5172,inf
1277,64,16,in,249,inf
1278,64,17,einer,753,inf
1279,64,18,Probe,419,inf
1280,64,19,zu,241,inf
1281,64,20,analysieren,577,inf
1282,57,1,Photonische,1273,inf
1283,57,2,Kristalle,444,inf
1284,57,3,sind,391,inf
1285,57,4,räumlich,211,inf
1286,57,5,periodische,1155,inf
1287,57,6,Anordnungen,717,inf
1288,57,7,von,234,inf
1289,57,8,dielektrischen,2015,inf
1290,57,9,Medien,741,inf
1291,57,10,mit,0,
1292,57,11,unterschiedlicher,1047,inf
1293,57,12,Dielektrizitätskonstante,3081,inf
1294,57,13,und,516,inf
1295,57,14,damit,185,inf
1296,57,15,unterschiedlichen,545,inf
1297,57,16,Brechzahlen,1959,inf
1298,58,1,Man,411,inf
1299,58,2,kann,172,inf
1300,58,3,sie,0,
1301,58,4,realisieren,957,inf
1302,58,5,durch,696,inf
1303,58,6,transparente,1267,inf
1304,58,7,Materialien,847,inf
1305,58,8,in,1007,inf
1306,58,9,die,0,
1307,58,10,periodische,1272,inf
1308,58,11,Strukturen,834,inf
1309,58,12,z.B.,0,
1310,58,13,dielektrische,1086,inf
1311,58,14,Mikrozylinder,1735,inf
1312,58,15,oder,717,inf
1313,58,16,Kügelchen,944,inf
1314,58,17,eingebaut,826,inf
1315,58,18,sind,1562,inf
1316,58,19,deren,847,inf
1317,58,20,Abstände,942,inf
1318,58,21,in,474,inf
1319,58,22,der,159,inf
1320,58,23,Größenordnung,1411,inf
1321,58,24,der,756,inf
1322,58,25,optischen,654,inf
1323,58,26,Wellenlänge,1199,inf
1324,58,27,liegen,1845,inf
1325,59,1,Sie,281,inf
1326,59,2,beeinflussen,738,inf
1327,59,3,deshalb,691,inf
1328,59,4,die,132,inf
1329,59,5,Ausbreitung,958,inf
1330,59,6,von,829,inf
1331,59,7,Licht,383,inf
1332,59,8,in,803,inf
1333,59,9,diesen,258,inf
1334,59,10,Materialien,1844,inf
1335,60,1,Fällt,603,inf
1336,60,2,eine,278,inf
1337,60,3,Lichtwelle,402,inf
1338,60,4,auf,0,
1339,60,5,diese,609,inf
1340,60,6,Struktur,414,inf
1341,60,7,so,0,
1342,60,8,wird,556,inf
1343,60,9,ein,140,inf
1344,60,10,Teil,253,inf
1345,60,11,der,223,inf
1346,60,12,Wellenamplitude,1222,inf
1347,60,13,an,311,inf
1348,60,14,den,443,inf
1349,60,15,Grenzflächen,371,inf
1350,60,16,der,230,inf
1351,60,17,periodischen,401,inf
1352,60,18,Struktur,680,inf
1353,60,19,reflektiert,1053,inf
1354,61,1,Ist,594,inf
1355,61,2,die,0,
1356,61,3,Periode,371,inf
1357,61,4,der,296,inf
1358,61,5,Struktur,546,inf
1359,61,6,ein,173,inf
1360,61,7,π-vielfaches,1766,inf
1361,61,8,der,289,inf
1362,61,9,Wellenlänge,981,inf
1363,61,10,überlagern,733,inf
1364,61,11,sich,598,inf
1365,61,12,die,179,inf
1366,61,13,reflektierten,1166,inf
1367,61,14,Anteile,827,inf
1368,61,15,phasenrichtig,2401,inf
1369,61,16,und,0,
1370,61,17,addieren,987,inf
1371,61,18,sich,453,inf
1372,61,19,deshalb,1105,inf
1373,62,1,Das,507,inf
1374,62,2,Reflexionsvermögen,1890,inf
1375,62,3,des,720,inf
1376,62,4,Kristalls,157,inf
1377,62,5,wird,1183,inf
1378,62,6,erhöht,966,inf
1379,63,1,Ist,603,inf
1380,63,2,die,577,inf
1381,63,3,Periode,700,inf
1382,63,4,der,366,inf
1383,63,5,Struktur,635,inf
1384,63,6,ein,1014,inf
1385,63,7,ungeradzahlig,3859,inf
1386,63,8,π-vielfaches,5290,inf
1387,63,9,der,807,inf
1388,63,10,halben,2234,inf
1389,63,11,Wellenlänge,1093,inf
1390,63,12,sind,1684,inf
1391,63,13,die,594,inf
1392,63,14,Phasen,363,inf
1393,63,15,der,151,inf
1394,63,16,reflektierten,1229,inf
1395,63,17,Wellen,862,inf
1396,63,18,gegeneinander,1206,inf
1397,63,19,verschoben,1139,inf
1398,63,20,und,0,
1399,63,21,die,950,inf
1400,63,22,reflektierten,1001,inf
1401,63,23,Anteile,1463,inf
1402,63,24,löschen,840,inf
1403,63,25,sich,921,inf
1404,63,26,teilweise,673,inf
1405,63,27,oder,1185,inf
1406,63,28,ganz,795,inf
1407,63,29,aus,0,
1408,55,1,Der,586,inf
1409,55,2,entscheidende,534,inf
1410,55,3,Durchbruch,656,inf
1411,55,4,zur,380,inf
1412,55,5,Aufstellung,370,inf
1413,55,6,eines,467,inf
1414,55,7,Ordnungsschemas,1045,inf
1415,55,8,gelang,288,inf
1416,55,9,dem,504,inf
1417,55,10,Quarkmodell,1283,inf
1418,55,11,das,289,inf
1419,55,12,die,341,inf
1420,55,13,Vielzahl,474,inf
1421,55,14,der,240,inf
1422,55,15,bisher,473,inf
1423,55,16,gefundenen,341,inf
1424,55,17,als,639,inf
1425,55,18,Elementarteilchen,1398,inf
1426,55,19,angenommenen,550,inf
1427,55,20,Teilchen,565,inf
1428,55,21,als,484,inf
1429,55,22,Systeme,1003,inf
1430,55,23,mit,0,
1431,55,24,innerer,864,inf
1432,55,25,Struktur,553,inf
1433,55,26,ansieht,1157,inf
1434,55,27,die,463,inf
1435,55,28,aus,693,inf
1436,55,29,wenigen,1815,inf
1437,55,30,noch,967,inf
1438,55,31,elementareren,1110,inf
1439,55,32,Teilchen,645,inf
1440,55,33,zusammengesetzt,1143,inf
1441,55,34,sind,328,inf
1442,56,1,Trägt,668,inf
1443,56,2,man,810,inf
1444,56,3,die,424,inf
1445,56,4,bisher,979,inf
1446,56,5,bekannten,988,inf
1447,56,6,Hadronen,1288,inf
1448,56,7,in,413,inf
1449,56,8,einem,866,inf
1450,56,9,Diagramm,491,inf
1451,56,10,ein,192,inf
1452,56,11,in,0,
1453,56,12,dem,918,inf
1454,56,13,ihre,485,inf
1455,56,14,Masse,730,inf
1456,56,15,als,1130,inf
1457,56,16,Ordinate,1870,inf
1458,56,17,und,0,
1459,56,18,ihr,875,inf
1460,56,19,Spin,909,inf
1461,56,20,als,738,inf
1462,56,21,Abszisse,1665,inf
1463,56,22,gewählt,948,inf
1464,56,23,wird,355,inf
1465,56,24,so,0,
1466,56,25,fällt,603,inf
1467,56,26,auf,0,
1468,56,27,dass,672,inf
1469,56,28,es,247,inf
1470,56,29,bestimmte,453,inf
1471,56,30,Gruppen,652,inf
1472,56,31,gibt,307,inf
1473,56,32,in,0,
1474,56,33,denen,702,inf
1475,56,34,die,218,inf
1476,56,35,Teilchen,740,inf
1477,56,36,in,142,inf
1478,56,37,diesem,438,inf
1479,56,38,Diagramm,337,inf
1480,56,39,eng,0,
1481,56,40,benachbart,922,inf
1482,56,41,sind,399,inf
1483,56,42,d.h.,184,inf
1484,56,43,gleichen,1416,inf
1485,56,44,Spin,854,inf
1486,56,45,gleiche,587,inf
1487,56,46,Parität,1019,inf
1488,56,47,und,219,inf
1489,56,48,fast,215,inf
1490,56,49,gleiche,873,inf
1491,56,50,Masse,664,inf
1492,56,51,haben,700,inf
1493,57,1,Dies,289,inf
1494,57,2,brachte,910,inf
1495,57,3,Murray,755,inf
1496,57,4,Gell-Mann,974,inf
1497,57,5,und,176,inf
1498,57,6,George,635,inf
1499,57,7,Zweig,325,inf
1500,57,8,unabhängig,723,inf
1501,57,9,voneinander,761,inf
1502,57,10,auf,252,inf
1503,57,11,die,264,inf
1504,57,12,Idee,135,inf
1505,57,13,dass,309,inf
1506,57,14,Hadronen,632,inf
1507,57,15,aus,431,inf
1508,57,16,wenigen,774,inf
1509,57,17,elementareren,948,inf
1510,57,18,Teilchen,681,inf
1511,57,19,zusammengesetzt,1104,inf
1512,57,20,sein,897,inf
1513,57,21,sollten,1181,inf
1514,58,1,Diese,360,inf
1515,58,2,Idee,124,inf
1516,58,3,wurde,543,inf
1517,58,4,unterstützt,482,inf
1518,58,5,durch,499,inf
1519,58,6,das,200,inf
1520,58,7,anomale,562,inf
1521,58,8,magnetische,808,inf
1522,58,9,Moment,1098,inf
1523,58,10,des,736,inf
1524,58,11,Neutrons,1561,inf
1525,58,12,das,212,inf
1526,58,13,als,743,inf
1527,58,14,neutrales,757,inf
1528,58,15,Teilchen,390,inf
1529,58,16,eigentlich,452,inf
1530,58,17,kein,350,inf
1531,58,18,magnetisches,1102,inf
1532,58,19,Moment,724,inf
1533,58,20,haben,763,inf
1534,58,21,sollte,919,inf
1535,58,22,außer,663,inf
1536,58,23,wenn,0,
1537,58,24,es,523,inf
1538,58,25,aus,0,
1539,58,26,geladenen,550,inf
1540,58,27,Teilchen,434,inf
1541,58,28,zusammengesetzt,786,inf
1542,58,29,ist,728,inf
1543,58,30,deren,527,inf
1544,58,31,Ladungen,273,inf
1545,58,32,sich,436,inf
1546,58,33,zu,0,
1547,58,34,0,520,inf
1548,58,35,kompensieren,1085,inf
1549,59,1,Außerdem,519,inf
1550,59,2,wurde,368,inf
1551,59,3,bei,217,inf
1552,59,4,der,211,inf
1553,59,5,Streuung,356,inf
1554,59,6,von,0,
1555,59,7,hochenergetischen,1446,inf
1556,59,8,Elektronen,1312,inf
1557,59,9,und,338,inf
1558,59,10,Protonen,1101,inf
1559,59,11,an,1114,inf
1560,59,12,Protonen,1817,inf
1561,59,13,und,404,inf
1562,59,14,Neutronen,1484,inf
1563,59,15,gefunden,1121,inf
1564,59,16,dass,826,inf
1565,59,17,beide,474,inf
1566,59,18,Nukleonen,890,inf
1567,59,19,viele,1071,inf
1568,59,20,Anregungszustände,1205,inf
1569,59,21,haben,451,inf
1570,60,1,Sie,279,inf
1571,60,2,können,327,inf
1572,60,3,deshalb,445,inf
1573,60,4,keine,552,inf
1574,60,5,elementaren,1415,inf
1575,60,6,Teilchen,901,inf
1576,60,7,sein,461,inf
1577,60,8,sondern,572,inf
1578,60,9,müssen,554,inf
1579,60,10,aus,411,inf
1580,60,11,wirklich,1159,inf
1581,60,12,elementaren,1277,inf
1582,60,13,Teilchen,641,inf
1583,60,14,bestehen,852,inf
1584,61,1,Das,327,inf
1585,61,2,Ziel,483,inf
1586,61,3,der,403,inf
1587,61,4,holografischen,751,inf
1588,61,5,Interferometrie,1296,inf
1589,61,6,ist,288,inf
1590,61,7,es,0,
1591,61,8,Veränderungen,568,inf
1592,61,9,an,358,inf
1593,61,10,Objekten,479,inf
1594,61,11,durch,616,inf
1595,61,12,Belastungen,425,inf
1596,61,13,thermische,661,inf
1597,61,14,Ausdehnung,698,inf
1598,61,15,Schwingungen,797,inf
1599,61,16,usw.,210,inf
1600,61,17,qualitativ,924,inf
1601,61,18,und,0,
1602,61,19,quantitativ,917,inf
1603,61,20,zu,0,
1604,61,21,erfassen,560,inf
1605,62,1,Beim,432,inf
1606,62,2,Echtzeitverfahren,1679,inf
1607,62,3,der,397,inf
1608,62,4,holografischen,892,inf
1609,62,5,Interferometrie,2810,inf
1610,62,6,wird,890,inf
1611,62,7,von,280,inf
1612,62,8,einem,563,inf
1613,62,9,Objekt,925,inf
1614,62,10,in,0,
1615,62,11,Ruhe,562,inf
1616,62,12,ein,659,inf
1617,62,13,Hologramm,378,inf
1618,62,14,aufgenommen,1451,inf
1619,63,1,Die,276,inf
1620,63,2,Hologrammplatte,1676,inf
1621,63,3,wird,638,inf
1622,63,4,dann,334,inf
1623,63,5,ohne,197,inf
1624,63,6,sie,398,inf
1625,63,7,zu,231,inf
1626,63,8,bewegen,382,inf
1627,63,9,am,0,
1628,63,10,festen,586,inf
1629,63,11,Ort,509,inf
1630,63,12,der,0,
1631,63,13,Aufnahme,456,inf
1632,63,14,entwickelt,652,inf
1633,63,15,und,0,
1634,63,16,mit,480,inf
1635,63,17,der,0,
1636,63,18,Referenzwelle,950,inf
1637,63,19,beleuchtet,811,inf
1638,63,20,sodass,449,inf
1639,63,21,ein,250,inf
1640,63,22,Hologrammbild,1052,inf
1641,63,23,erzeugt,527,inf
1642,63,24,wird,363,inf
1643,64,1,Nimmt,449,inf
1644,64,2,man,300,inf
1645,64,3,am,296,inf
1646,64,4,Objekt,226,inf
1647,64,5,nur,558,inf
1648,64,6,sehr,0,
1649,64,7,kleine,608,inf
1650,64,8,Änderungen,360,inf
1651,64,9,vor,509,inf
1652,64,10,und,0,
1653,64,11,beleuchtet,588,inf
1654,64,12,es,0,
1655,64,13,am,461,inf
1656,64,14,gleichen,254,inf
1657,64,15,Ort,530,inf
1658,64,16,wieder,912,inf
1659,64,17,genau,0,
1660,64,18,wie,493,inf
1661,64,19,bei,0,
1662,64,20,der,467,inf
1663,64,21,ersten,312,inf
1664,64,22,Aufnahme,438,inf
1665,64,23,so,570,inf
1666,64,24,werden,0,
1667,64,25,sich,437,inf
1668,64,26,diese,259,inf
1669,64,27,Änderungen,379,inf
1670,64,28,in,157,inf
1671,64,29,Phasenverschiebungen,1238,inf
1672,64,30,der,268,inf
1673,64,31,Signalwelle,1230,inf
1674,64,32,äußern,680,inf
1675,65,1,Die,293,inf
1676,65,2,Überlagerung,920,inf
1677,65,3,dieser,812,inf
1678,65,4,Signalwelle,829,inf
1679,65,5,vom,803,inf
1680,65,6,veränderten,897,inf
1681,65,7,Objekt,964,inf
1682,65,8,mit,0,
1683,65,9,der,438,inf
1684,65,10,Rekonstruktionswelle,1834,inf
1685,65,11,vom,352,inf
1686,65,12,Hologramm,714,inf
1687,65,13,des,255,inf
1688,65,14,unveränderten,1022,inf
1689,65,15,Objektes,686,inf
1690,65,16,führt,812,inf
1691,65,17,zu,0,
1692,65,18,Interferenzstrukturen,2167,inf
1693,65,19,im,175,inf
1694,65,20,holografischen,1616,inf
1695,65,21,Bild,183,inf
1696,65,22,die,0,
1697,65,23,nur,438,inf
1698,65,24,für,246,inf
1699,65,25,diejenigen,850,inf
1700,65,26,Teile,826,inf
1701,65,27,des,270,inf
1702,65,28,Objektes,417,inf
1703,65,29,auftreten,453,inf
1704,65,30,die,430,inf
1705,65,31,sich,0,
1706,65,32,verändert,505,inf
1707,65,33,haben,507,inf
1708,66,1,Auf,289,inf
1709,66,2,diese,484,inf
1710,66,3,Weise,0,
1711,66,4,kann,532,inf
1712,66,5,man,223,inf
1713,66,6,Gestaltsänderungen,1248,inf
1714,66,7,feststellen,619,inf
1715,66,8,die,225,inf
1716,66,9,wesentlich,671,inf
1717,66,10,kleiner,587,inf
1718,66,11,als,311,inf
1719,66,12,eine,268,inf
1720,66,13,Wellenlänge,894,inf
1721,66,14,des,453,inf
1722,66,15,beleuchtenden,863,inf
1723,66,16,Lichtes,1163,inf
1724,66,17,sind,222,inf
1725,78,1,Durch,365,inf
1726,78,2,Einführen,536,inf
1727,78,3,der,700,inf
1728,78,4,effektiven,989,inf
1729,78,5,Masse,483,inf
1730,78,6,können,467,inf
1731,78,7,Elektronen,543,inf
1732,78,8,im,248,inf
1733,78,9,Leitungsband,784,inf
1734,78,10,und,322,inf
1735,78,11,Löcher,464,inf
1736,78,12,im,484,inf
1737,78,13,Valenzband,740,inf
1738,78,14,eines,532,inf
1739,78,15,Kristalles,976,inf
1740,78,16,wie,153,inf
1741,78,17,freie,425,inf
1742,78,18,Teilchen,795,inf
1743,78,19,aufgefasst,959,inf
1744,78,20,werden,815,inf
1745,78,21,und,0,
1746,78,22,bewegen,413,inf
1747,78,23,sich,402,inf
1748,78,24,am,175,inf
1749,78,25,Energieminimum,1706,inf
1750,78,26,im,396,inf
1751,78,27,Leitungsband,1616,inf
1752,78,28,und,605,inf
1753,78,29,am,71,inf
1754,78,30,Energiemaximum,1256,inf
1755,78,31,im,0,
1756,78,32,Valenzband,1109,inf
1757,78,33,auf,580,inf
1758,78,34,Parabeln,1088,inf
1759,79,1,Da,232,inf
1760,79,2,die,569,inf
1761,79,3,effektive,1220,inf
1762,79,4,Masse,887,inf
1763,79,5,im,0,
1764,79,6,oberen,1057,inf
1765,79,7,Teil,394,inf
1766,79,8,des,175,inf
1767,79,9,Valenzbandes,1197,inf
1768,79,10,negativ,856,inf
1769,79,11,ist,593,inf
1770,79,12,wird,502,inf
1771,79,13,die,277,inf
1772,79,14,Energieparabel,1646,inf
1773,79,15,der,495,inf
1774,79,16,Löcher,605,inf
1775,79,17,nach,715,inf
1776,79,18,unten,154,inf
1777,79,19,gekrümmt,1222,inf
1778,80,1,Daraus,453,inf
1779,80,2,ergeben,393,inf
1780,80,3,sich,178,inf
1781,80,4,zwischen,793,inf
1782,80,5,den,296,inf
1783,80,6,Parabeln,953,inf
1784,80,7,die,423,inf
1785,80,8,so,136,inf
1786,80,9,genannten,1008,inf
1787,80,10,Standardbänder,2922,inf
1788,81,1,Bei,183,inf
1789,81,2,der,496,inf
1790,81,3,Absorption,881,inf
1791,81,4,eines,695,inf
1792,81,5,Photons,549,inf
1793,81,6,kann,400,inf
1794,81,7,ein,459,inf
1795,81,8,Elektron,636,inf
1796,81,9,aus,259,inf
1797,81,10,dem,471,inf
1798,81,11,Valenzband,693,inf
1799,81,12,in,0,
1800,81,13,das,537,inf
1801,81,14,Leitungsband,1352,inf
1802,81,15,angeregt,1422,inf
1803,81,16,werden,523,inf
1804,82,1,Weil,609,inf
1805,82,2,der,0,
1806,82,3,Wellenvektor,1167,inf
1807,82,4,des,207,inf
1808,82,5,Photons,561,inf
1809,82,6,sehr,225,inf
1810,82,7,klein,363,inf
1811,82,8,ist,241,inf
1812,82,9,wird,407,inf
1813,82,10,die,296,inf
1814,82,11,Wahrscheinlichkeit,1090,inf
1815,82,12,für,404,inf
1816,82,13,einen,172,inf
1817,82,14,solchen,1217,inf
1818,82,15,Übergang,904,inf
1819,82,16,viel,157,inf
1820,82,17,größer,1053,inf
1821,82,18,wenn,545,inf
1822,82,19,der,387,inf
1823,82,20,Wellenvektor,1120,inf
1824,82,21,des,307,inf
1825,82,22,Elektrons,1517,inf
1826,82,23,dabei,748,inf
1827,82,24,erhalten,793,inf
1828,82,25,bleibt,636,inf
1829,82,26,als,334,inf
1830,82,27,wenn,1503,inf
1831,82,28,wegen,530,inf
1832,82,29,der,229,inf
1833,82,30,Impulserhaltung,2198,inf
1834,82,31,beim,671,inf
1835,82,32,Übergang,628,inf
1836,82,33,zusätzlich,848,inf
1837,82,34,ein,107,inf
1838,82,35,Phonon,1432,inf
1839,82,36,angeregt,1556,inf
1840,82,37,werden,777,inf
1841,82,38,muss,213,inf
1842,83,1,Liegt,1409,inf
1843,83,2,das,26,inf
1844,83,3,Minimum,705,inf
1845,83,4,der,352,inf
1846,83,5,Elektronenparabel,1637,inf
1847,83,6,im,227,inf
1848,83,7,Valenzband,970,inf
1849,83,8,senkrecht,1090,inf
1850,83,9,über,501,inf
1851,83,10,dem,551,inf
1852,83,11,Maximum,735,inf
1853,83,12,der,177,inf
1854,83,13,Löcherparabel,1754,inf
1855,83,14,so,0,
1856,83,15,sind,555,inf
1857,83,16,senkrechte,603,inf
1858,83,17,Übergänge,445,inf
1859,83,18,bereits,391,inf
1860,83,19,ab,826,inf
1861,83,20,Photonenenergien,2357,inf
1862,83,21,in,109,inf
1863,83,22,der,285,inf
1864,83,23,Größe,546,inf
1865,83,24,der,160,inf
1866,83,25,Bandlücke,1066,inf
1867,83,26,möglich,570,inf
1868,84,1,Sind,0,
1869,84,2,die,424,inf
1870,84,3,Extrema,576,inf
1871,84,4,gegeneinander,769,inf
1872,84,5,verschoben,787,inf
1873,84,6,so,308,inf
1874,84,7,sind,356,inf
1875,84,8,direkte,364,inf
1876,84,9,Übergänge,430,inf
1877,84,10,nur,249,inf
1878,84,11,bei,480,inf
1879,84,12,höheren,530,inf
1880,84,13,Photonenenergien,826,inf
1881,84,14,möglich,425,inf
1882,84,15,und,0,
1883,84,16,indirekte,479,inf
1884,84,17,Übergänge,591,inf
1885,84,18,mit,191,inf
1886,84,19,wesentlich,487,inf
1887,84,20,kleinerer,608,inf
1888,84,21,Absorptionswahrscheinlichkeit,1241,inf
1889,84,22,sind,309,inf
1890,84,23,die,162,inf
1891,84,24,einzige,444,inf
1892,84,25,Möglichkeit,630,inf
1893,84,26,für,628,inf
1894,84,27,Photonenabsorption,2751,inf
